method,scope,target_snr_db,target_occlusion,true_order,sample_count,label_accuracy,order_accuracy,phase_accuracy,mean_phase_bin_error,mean_confidence,mean_visibility,mean_valid_fraction
A0_DAF,overall,,,,33600,0.8456547619047619,0.8920535714285714,0.8558928571428571,0.2860714285714286,0.6827004679539851,0.9627044238179566,1.0
A0_DAF,snr,20.0,,,6720,0.8467261904761905,0.8915178571428571,0.8569940476190476,0.28422619047619047,0.6846307489094672,0.9627044238179566,1.0
A0_DAF,snr,15.0,,,6720,0.846577380952381,0.8916666666666667,0.8566964285714286,0.2837797619047619,0.684379649741089,0.9627044238179566,1.0
A0_DAF,snr,10.0,,,6720,0.8455357142857143,0.8916666666666667,0.8558035714285714,0.28541666666666665,0.6836576614936449,0.9627044238179566,1.0
A0_DAF,snr,5.0,,,6720,0.8458333333333333,0.8924107142857143,0.8558035714285714,0.28616071428571427,0.6823309261388701,0.9627044238179566,1.0
A0_DAF,snr,0.0,,,6720,0.8436011904761904,0.8930059523809524,0.8541666666666666,0.29077380952380955,0.678503353486855,0.9627044238179566,1.0
A0_DAF,occlusion,,0.0,,6720,0.8651785714285715,0.8941964285714286,0.8727678571428571,0.272172619047619,0.7416546226922415,0.9999999999999999,1.0
A0_DAF,occlusion,,0.1,,6720,0.8581845238095238,0.8950892857142857,0.8662202380952381,0.2805059523809524,0.6983357686804433,0.9783871761485289,1.0
A0_DAF,occlusion,,0.2,,6720,0.8483630952380953,0.8886904761904761,0.8586309523809523,0.2864583333333333,0.6529663040954866,0.9621825392332599,1.0
A0_DAF,occlusion,,0.3,,6720,0.8349702380952381,0.8888392857142857,0.8474702380952381,0.2863095238095238,0.6451027663991113,0.9453885082431923,1.0
A0_DAF,occlusion,,0.4,,6720,0.821577380952381,0.893452380952381,0.834375,0.3049107142857143,0.6754428779026436,0.927563895464802,1.0
A0_DAF,snr_occlusion,20.0,0.0,,1344,0.8653273809523809,0.8936011904761905,0.8727678571428571,0.27157738095238093,0.7450617122273657,0.9999999999999998,1.0
A0_DAF,snr_occlusion,20.0,0.1,,1344,0.8586309523809523,0.8943452380952381,0.8675595238095238,0.2760416666666667,0.7002992438533495,0.9783871761485288,1.0
A0_DAF,snr_occlusion,20.0,0.2,,1344,0.8489583333333334,0.8876488095238095,0.859375,0.2849702380952381,0.6548365051221013,0.9621825392332597,1.0
A0_DAF,snr_occlusion,20.0,0.3,,1344,0.8363095238095238,0.8883928571428571,0.8482142857142857,0.28422619047619047,0.6463407357076674,0.9453885082431923,1.0
A0_DAF,snr_occlusion,20.0,0.4,,1344,0.8244047619047619,0.8936011904761905,0.8370535714285714,0.30431547619047616,0.6766155476368516,0.9275638954648019,1.0
A0_DAF,snr_occlusion,15.0,0.0,,1344,0.8653273809523809,0.8936011904761905,0.8720238095238095,0.27232142857142855,0.7448204080175176,0.9999999999999998,1.0
A0_DAF,snr_occlusion,15.0,0.1,,1344,0.859375,0.8950892857142857,0.8683035714285714,0.27455357142857145,0.6998744387349674,0.9783871761485288,1.0
A0_DAF,snr_occlusion,15.0,0.2,,1344,0.8482142857142857,0.8876488095238095,0.8586309523809523,0.2857142857142857,0.6546457683273734,0.9621825392332597,1.0
A0_DAF,snr_occlusion,15.0,0.3,,1344,0.8363095238095238,0.8883928571428571,0.8482142857142857,0.28422619047619047,0.645829839727089,0.9453885082431923,1.0
A0_DAF,snr_occlusion,15.0,0.4,,1344,0.8236607142857143,0.8936011904761905,0.8363095238095238,0.3020833333333333,0.6767277938984974,0.9275638954648019,1.0
A0_DAF,snr_occlusion,10.0,0.0,,1344,0.8653273809523809,0.8943452380952381,0.8720238095238095,0.27157738095238093,0.7431255280813435,0.9999999999999998,1.0
A0_DAF,snr_occlusion,10.0,0.1,,1344,0.8571428571428571,0.8950892857142857,0.8660714285714286,0.27976190476190477,0.6992562144859837,0.9783871761485288,1.0
A0_DAF,snr_occlusion,10.0,0.2,,1344,0.8482142857142857,0.8883928571428571,0.8578869047619048,0.28794642857142855,0.6535755555618452,0.9621825392332597,1.0
A0_DAF,snr_occlusion,10.0,0.3,,1344,0.8355654761904762,0.8876488095238095,0.8482142857142857,0.2857142857142857,0.646249783947081,0.9453885082431923,1.0
A0_DAF,snr_occlusion,10.0,0.4,,1344,0.8214285714285714,0.8928571428571429,0.8348214285714286,0.3020833333333333,0.6760812253919711,0.9275638954648019,1.0
A0_DAF,snr_occlusion,5.0,0.0,,1344,0.8645833333333334,0.8950892857142857,0.8720238095238095,0.27232142857142855,0.7410381458782032,0.9999999999999998,1.0
A0_DAF,snr_occlusion,5.0,0.1,,1344,0.859375,0.8958333333333334,0.8660714285714286,0.27976190476190477,0.697889415325704,0.9783871761485288,1.0
A0_DAF,snr_occlusion,5.0,0.2,,1344,0.8482142857142857,0.8876488095238095,0.859375,0.28720238095238093,0.6529605010684721,0.9621825392332597,1.0
A0_DAF,snr_occlusion,5.0,0.3,,1344,0.8348214285714286,0.8891369047619048,0.8474702380952381,0.28943452380952384,0.644672416937483,0.9453885082431923,1.0
A0_DAF,snr_occlusion,5.0,0.4,,1344,0.8221726190476191,0.8943452380952381,0.8340773809523809,0.3020833333333333,0.6750941514844885,0.9275638954648019,1.0
A0_DAF,snr_occlusion,0.0,0.0,,1344,0.8653273809523809,0.8943452380952381,0.875,0.27306547619047616,0.7342273192567779,0.9999999999999998,1.0
A0_DAF,snr_occlusion,0.0,0.1,,1344,0.8563988095238095,0.8950892857142857,0.8630952380952381,0.2924107142857143,0.6943595310022113,0.9783871761485288,1.0
A0_DAF,snr_occlusion,0.0,0.2,,1344,0.8482142857142857,0.8921130952380952,0.8578869047619048,0.2864583333333333,0.6488131903976407,0.9621825392332597,1.0
A0_DAF,snr_occlusion,0.0,0.3,,1344,0.8318452380952381,0.890625,0.8452380952380952,0.28794642857142855,0.6424210556762369,0.9453885082431923,1.0
A0_DAF,snr_occlusion,0.0,0.4,,1344,0.8162202380952381,0.8928571428571429,0.8296130952380952,0.31398809523809523,0.6726956711014086,0.9275638954648019,1.0
A0_DAF,order,,,1,8400,0.8552380952380952,0.9630952380952381,0.8552380952380952,0.21904761904761905,0.7581156765342082,0.9813632022435937,1.0
A0_DAF,order,,,2,8400,0.8552380952380952,0.9004761904761904,0.8673809523809524,0.2330952380952381,0.6719787170653758,0.9695599356794723,1.0
A0_DAF,order,,,3,8400,0.8488095238095238,0.8622619047619048,0.8552380952380952,0.36797619047619046,0.6440314923826124,0.9566349785480512,1.0
A0_DAF,order,,,4,8400,0.8233333333333334,0.8423809523809523,0.8457142857142858,0.32416666666666666,0.6566759858337444,0.943259578800709,1.0
A1_MASK_ULS,overall,,,,33600,0.8485714285714285,0.8934821428571429,0.8583035714285714,0.2830357142857143,0.588666151078176,0.9627044238179566,1.0
A1_MASK_ULS,snr,20.0,,,6720,0.8488095238095238,0.8925595238095239,0.8586309523809523,0.28214285714285714,0.5950006317507788,0.9627044238179566,1.0
A1_MASK_ULS,snr,15.0,,,6720,0.8497023809523809,0.8933035714285714,0.8592261904761904,0.28125,0.5950572317278986,0.9627044238179566,1.0
A1_MASK_ULS,snr,10.0,,,6720,0.8483630952380953,0.8936011904761905,0.8583333333333333,0.28407738095238094,0.5941294178758755,0.9627044238179566,1.0
A1_MASK_ULS,snr,5.0,,,6720,0.8494047619047619,0.8947916666666667,0.8587797619047619,0.28154761904761905,0.5890405436880664,0.9627044238179566,1.0
A1_MASK_ULS,snr,0.0,,,6720,0.846577380952381,0.893154761904762,0.856547619047619,0.28616071428571427,0.5701029303482607,0.9627044238179566,1.0
A1_MASK_ULS,occlusion,,0.0,,6720,0.8651785714285715,0.8941964285714286,0.8727678571428571,0.272172619047619,0.7029118355918516,0.9999999999999999,1.0
A1_MASK_ULS,occlusion,,0.1,,6720,0.8589285714285714,0.8961309523809524,0.8668154761904762,0.28020833333333334,0.6568021685340809,0.9783871761485289,1.0
A1_MASK_ULS,occlusion,,0.2,,6720,0.8508928571428571,0.8912202380952381,0.8605654761904762,0.28482142857142856,0.5763166996388972,0.9621825392332599,1.0
A1_MASK_ULS,occlusion,,0.3,,6720,0.8394345238095238,0.8900297619047619,0.8505952380952381,0.28526785714285713,0.5170903801406548,0.9453885082431923,1.0
A1_MASK_ULS,occlusion,,0.4,,6720,0.828422619047619,0.8958333333333334,0.8407738095238095,0.29270833333333335,0.4902096714853956,0.927563895464802,1.0
A1_MASK_ULS,snr_occlusion,20.0,0.0,,1344,0.8653273809523809,0.8936011904761905,0.8727678571428571,0.27157738095238093,0.7196039258900517,0.9999999999999998,1.0
A1_MASK_ULS,snr_occlusion,20.0,0.1,,1344,0.8586309523809523,0.8950892857142857,0.8675595238095238,0.27529761904761907,0.6685079800622533,0.9783871761485288,1.0
A1_MASK_ULS,snr_occlusion,20.0,0.2,,1344,0.8497023809523809,0.8898809523809523,0.859375,0.28720238095238093,0.581257951604171,0.9621825392332597,1.0
A1_MASK_ULS,snr_occlusion,20.0,0.3,,1344,0.8385416666666666,0.8891369047619048,0.8497023809523809,0.2864583333333333,0.5170496422822696,0.9453885082431923,1.0
A1_MASK_ULS,snr_occlusion,20.0,0.4,,1344,0.8318452380952381,0.8950892857142857,0.84375,0.29017857142857145,0.4885836589151483,0.9275638954648019,1.0
A1_MASK_ULS,snr_occlusion,15.0,0.0,,1344,0.8653273809523809,0.8936011904761905,0.8720238095238095,0.27232142857142855,0.7180673962540438,0.9999999999999998,1.0
A1_MASK_ULS,snr_occlusion,15.0,0.1,,1344,0.8608630952380952,0.8965773809523809,0.8690476190476191,0.2760416666666667,0.6677691432036807,0.9783871761485288,1.0
A1_MASK_ULS,snr_occlusion,15.0,0.2,,1344,0.8511904761904762,0.8913690476190477,0.8608630952380952,0.2849702380952381,0.5817911271243165,0.9621825392332597,1.0
A1_MASK_ULS,snr_occlusion,15.0,0.3,,1344,0.8385416666666666,0.8891369047619048,0.8497023809523809,0.2849702380952381,0.5176804445341974,0.9453885082431923,1.0
A1_MASK_ULS,snr_occlusion,15.0,0.4,,1344,0.8325892857142857,0.8958333333333334,0.8444940476190477,0.28794642857142855,0.48997804752325425,0.9275638954648019,1.0
A1_MASK_ULS,snr_occlusion,10.0,0.0,,1344,0.8653273809523809,0.8943452380952381,0.8720238095238095,0.27157738095238093,0.713218704398404,0.9999999999999998,1.0
A1_MASK_ULS,snr_occlusion,10.0,0.1,,1344,0.8601190476190477,0.8973214285714286,0.8683035714285714,0.27901785714285715,0.6653045775596222,0.9783871761485288,1.0
A1_MASK_ULS,snr_occlusion,10.0,0.2,,1344,0.8504464285714286,0.8913690476190477,0.8608630952380952,0.2857142857142857,0.581067958911419,0.9621825392332597,1.0
A1_MASK_ULS,snr_occlusion,10.0,0.3,,1344,0.8377976190476191,0.8898809523809523,0.8489583333333334,0.29092261904761907,0.5196070657130253,0.9453885082431923,1.0
A1_MASK_ULS,snr_occlusion,10.0,0.4,,1344,0.828125,0.8950892857142857,0.8415178571428571,0.2931547619047619,0.4914487827969073,0.9275638954648019,1.0
A1_MASK_ULS,snr_occlusion,5.0,0.0,,1344,0.8645833333333334,0.8950892857142857,0.8720238095238095,0.27232142857142855,0.7002473477225235,0.9999999999999998,1.0
A1_MASK_ULS,snr_occlusion,5.0,0.1,,1344,0.8616071428571429,0.8980654761904762,0.8690476190476191,0.27529761904761907,0.6557694586638091,0.9783871761485288,1.0
A1_MASK_ULS,snr_occlusion,5.0,0.2,,1344,0.8526785714285714,0.8913690476190477,0.8616071428571429,0.2849702380952381,0.5775411336278965,0.9621825392332597,1.0
A1_MASK_ULS,snr_occlusion,5.0,0.3,,1344,0.8400297619047619,0.8913690476190477,0.8511904761904762,0.2849702380952381,0.5192853967654792,0.9453885082431923,1.0
A1_MASK_ULS,snr_occlusion,5.0,0.4,,1344,0.828125,0.8980654761904762,0.8400297619047619,0.29017857142857145,0.4923593816606234,0.9275638954648019,1.0
A1_MASK_ULS,snr_occlusion,0.0,0.0,,1344,0.8653273809523809,0.8943452380952381,0.875,0.27306547619047616,0.6634218036942349,0.9999999999999998,1.0
A1_MASK_ULS,snr_occlusion,0.0,0.1,,1344,0.8534226190476191,0.8936011904761905,0.8601190476190477,0.29538690476190477,0.6266596831810392,0.9783871761485288,1.0
A1_MASK_ULS,snr_occlusion,0.0,0.2,,1344,0.8504464285714286,0.8921130952380952,0.8601190476190477,0.28125,0.5599253269266826,0.9621825392332597,1.0
A1_MASK_ULS,snr_occlusion,0.0,0.3,,1344,0.8422619047619048,0.890625,0.8534226190476191,0.27901785714285715,0.5118293514083018,0.9453885082431923,1.0
A1_MASK_ULS,snr_occlusion,0.0,0.4,,1344,0.8214285714285714,0.8950892857142857,0.8340773809523809,0.3020833333333333,0.48867848653104484,0.9275638954648019,1.0
A1_MASK_ULS,order,,,1,8400,0.8566666666666667,0.9625,0.8566666666666667,0.21857142857142858,0.6770047770742381,0.9813632022435937,1.0
A1_MASK_ULS,order,,,2,8400,0.8554761904761905,0.900952380952381,0.8673809523809524,0.23083333333333333,0.5881940723992956,0.9695599356794723,1.0
A1_MASK_ULS,order,,,3,8400,0.8532142857142857,0.8661904761904762,0.8589285714285714,0.35964285714285715,0.5485717759413089,0.9566349785480512,1.0
A1_MASK_ULS,order,,,4,8400,0.8289285714285715,0.8442857142857143,0.8502380952380952,0.3230952380952381,0.5408939788978612,0.943259578800709,1.0
A2_RAW_VWLS,overall,,,,33600,0.8457142857142858,0.8931845238095238,0.8556547619047619,0.2858630952380952,0.5631501832938314,0.9627044238179566,1.0
A2_RAW_VWLS,snr,20.0,,,6720,0.8464285714285714,0.8925595238095239,0.8561011904761905,0.2849702380952381,0.573569769674743,0.9627044238179566,1.0
A2_RAW_VWLS,snr,15.0,,,6720,0.846577380952381,0.8930059523809524,0.8563988095238095,0.2837797619047619,0.5724991786082888,0.9627044238179566,1.0
A2_RAW_VWLS,snr,10.0,,,6720,0.8461309523809524,0.8933035714285714,0.8561011904761905,0.284375,0.5695840601328197,0.9627044238179566,1.0
A2_RAW_VWLS,snr,5.0,,,6720,0.8461309523809524,0.8936011904761905,0.8558035714285714,0.2855654761904762,0.5613622448702524,0.9627044238179566,1.0
A2_RAW_VWLS,snr,0.0,,,6720,0.8433035714285714,0.893452380952381,0.8538690476190476,0.290625,0.5387356631830529,0.9627044238179566,1.0
A2_RAW_VWLS,occlusion,,0.0,,6720,0.8651785714285715,0.8941964285714286,0.8727678571428571,0.272172619047619,0.7029118355918514,0.9999999999999999,1.0
A2_RAW_VWLS,occlusion,,0.1,,6720,0.8575892857142857,0.8949404761904762,0.8657738095238096,0.28035714285714286,0.6333843797119736,0.9783871761485289,1.0
A2_RAW_VWLS,occlusion,,0.2,,6720,0.8480654761904762,0.8895833333333333,0.8578869047619048,0.28660714285714284,0.5431229271881376,0.9621825392332599,1.0
A2_RAW_VWLS,occlusion,,0.3,,6720,0.8360119047619048,0.8921130952380952,0.8474702380952381,0.2876488095238095,0.4824992239095789,0.9453885082431923,1.0
A2_RAW_VWLS,occlusion,,0.4,,6720,0.8217261904761904,0.8950892857142857,0.834375,0.3025297619047619,0.45383255006761547,0.927563895464802,1.0
A2_RAW_VWLS,snr_occlusion,20.0,0.0,,1344,0.8653273809523809,0.8936011904761905,0.8727678571428571,0.27157738095238093,0.7196039258900515,0.9999999999999998,1.0
A2_RAW_VWLS,snr_occlusion,20.0,0.1,,1344,0.8571428571428571,0.8936011904761905,0.8660714285714286,0.2767857142857143,0.6469528751815308,0.9783871761485288,1.0
A2_RAW_VWLS,snr_occlusion,20.0,0.2,,1344,0.8482142857142857,0.8883928571428571,0.8578869047619048,0.2857142857142857,0.553041536882196,0.9621825392332597,1.0
A2_RAW_VWLS,snr_occlusion,20.0,0.3,,1344,0.8377976190476191,0.8913690476190477,0.8482142857142857,0.28720238095238093,0.48917803129327014,0.9453885082431923,1.0
A2_RAW_VWLS,snr_occlusion,20.0,0.4,,1344,0.8236607142857143,0.8958333333333334,0.8355654761904762,0.30357142857142855,0.4590724791266666,0.9275638954648019,1.0
A2_RAW_VWLS,snr_occlusion,15.0,0.0,,1344,0.8653273809523809,0.8936011904761905,0.8720238095238095,0.27232142857142855,0.7180673962540437,0.9999999999999998,1.0
A2_RAW_VWLS,snr_occlusion,15.0,0.1,,1344,0.8586309523809523,0.8950892857142857,0.8675595238095238,0.27529761904761907,0.645567609989705,0.9783871761485288,1.0
A2_RAW_VWLS,snr_occlusion,15.0,0.2,,1344,0.8489583333333334,0.8891369047619048,0.8586309523809523,0.2849702380952381,0.5521852965759905,0.9621825392332597,1.0
A2_RAW_VWLS,snr_occlusion,15.0,0.3,,1344,0.8355654761904762,0.8913690476190477,0.8467261904761905,0.2864583333333333,0.4880760518249154,0.9453885082431923,1.0
A2_RAW_VWLS,snr_occlusion,15.0,0.4,,1344,0.8244047619047619,0.8958333333333334,0.8370535714285714,0.29985119047619047,0.45859953839678996,0.9275638954648019,1.0
A2_RAW_VWLS,snr_occlusion,10.0,0.0,,1344,0.8653273809523809,0.8943452380952381,0.8720238095238095,0.27157738095238093,0.7132187043984037,0.9999999999999998,1.0
A2_RAW_VWLS,snr_occlusion,10.0,0.1,,1344,0.8586309523809523,0.8958333333333334,0.8675595238095238,0.27529761904761907,0.6420148608888583,0.9783871761485288,1.0
A2_RAW_VWLS,snr_occlusion,10.0,0.2,,1344,0.8482142857142857,0.8891369047619048,0.8578869047619048,0.2864583333333333,0.5490719874798484,0.9621825392332597,1.0
A2_RAW_VWLS,snr_occlusion,10.0,0.3,,1344,0.8370535714285714,0.8921130952380952,0.8482142857142857,0.28869047619047616,0.48678504821852375,0.9453885082431923,1.0
A2_RAW_VWLS,snr_occlusion,10.0,0.4,,1344,0.8214285714285714,0.8950892857142857,0.8348214285714286,0.29985119047619047,0.45682969967846415,0.9275638954648019,1.0
A2_RAW_VWLS,snr_occlusion,5.0,0.0,,1344,0.8645833333333334,0.8950892857142857,0.8720238095238095,0.27232142857142855,0.7002473477225234,0.9999999999999998,1.0
A2_RAW_VWLS,snr_occlusion,5.0,0.1,,1344,0.8578869047619048,0.8943452380952381,0.8653273809523809,0.2819940476190476,0.6310772242198285,0.9783871761485288,1.0
A2_RAW_VWLS,snr_occlusion,5.0,0.2,,1344,0.8482142857142857,0.8891369047619048,0.8586309523809523,0.28720238095238093,0.541594101542035,0.9621825392332597,1.0
A2_RAW_VWLS,snr_occlusion,5.0,0.3,,1344,0.8370535714285714,0.8936011904761905,0.8482142857142857,0.28720238095238093,0.4813788047066484,0.9453885082431923,1.0
A2_RAW_VWLS,snr_occlusion,5.0,0.4,,1344,0.8229166666666666,0.8958333333333334,0.8348214285714286,0.29910714285714285,0.4525137461602268,0.9275638954648019,1.0
A2_RAW_VWLS,snr_occlusion,0.0,0.0,,1344,0.8653273809523809,0.8943452380952381,0.875,0.27306547619047616,0.6634218036942348,0.9999999999999998,1.0
A2_RAW_VWLS,snr_occlusion,0.0,0.1,,1344,0.8556547619047619,0.8958333333333334,0.8623511904761905,0.2924107142857143,0.6013093282799458,0.9783871761485288,1.0
A2_RAW_VWLS,snr_occlusion,0.0,0.2,,1344,0.8467261904761905,0.8921130952380952,0.8563988095238095,0.28869047619047616,0.5197217134606175,0.9621825392332597,1.0
A2_RAW_VWLS,snr_occlusion,0.0,0.3,,1344,0.8325892857142857,0.8921130952380952,0.8459821428571429,0.28869047619047616,0.4670781835045366,0.9453885082431923,1.0
A2_RAW_VWLS,snr_occlusion,0.0,0.4,,1344,0.8162202380952381,0.8928571428571429,0.8296130952380952,0.31026785714285715,0.44214728697592964,0.9275638954648019,1.0
A2_RAW_VWLS,order,,,1,8400,0.8552380952380952,0.9628571428571429,0.8552380952380952,0.21821428571428572,0.6595401303266478,0.9813632022435937,1.0
A2_RAW_VWLS,order,,,2,8400,0.8542857142857143,0.9008333333333334,0.8660714285714286,0.2338095238095238,0.5647244731383796,0.9695599356794723,1.0
A2_RAW_VWLS,order,,,3,8400,0.85,0.8642857142857143,0.8560714285714286,0.36797619047619046,0.5213052304954733,0.9566349785480512,1.0
A2_RAW_VWLS,order,,,4,8400,0.8233333333333334,0.8447619047619047,0.8452380952380952,0.32345238095238094,0.5070308992148249,0.943259578800709,1.0
A3_MC_VWLS,overall,,,,33600,0.848125,0.893452380952381,0.8579166666666667,0.2830952380952381,0.5735041212904313,0.9627044238179566,1.0
A3_MC_VWLS,snr,20.0,,,6720,0.8489583333333334,0.893154761904762,0.8586309523809523,0.2818452380952381,0.5802323897327302,0.9627044238179566,1.0
A3_MC_VWLS,snr,15.0,,,6720,0.8485119047619047,0.893154761904762,0.8583333333333333,0.28288690476190476,0.5801966936365829,0.9627044238179566,1.0
A3_MC_VWLS,snr,10.0,,,6720,0.8476190476190476,0.8936011904761905,0.8574404761904761,0.28348214285714285,0.5790712340825497,0.9627044238179566,1.0
A3_MC_VWLS,snr,5.0,,,6720,0.8494047619047619,0.8946428571428572,0.8589285714285714,0.28154761904761905,0.5736490512826441,0.9627044238179566,1.0
A3_MC_VWLS,snr,0.0,,,6720,0.8461309523809524,0.8927083333333333,0.85625,0.2857142857142857,0.5543712377176497,0.9627044238179566,1.0
A3_MC_VWLS,occlusion,,0.0,,6720,0.8651785714285715,0.8941964285714286,0.8727678571428571,0.272172619047619,0.7029118355918516,0.9999999999999999,1.0
A3_MC_VWLS,occlusion,,0.1,,6720,0.8584821428571429,0.8956845238095238,0.8666666666666667,0.2805059523809524,0.6445685271693287,0.9783871761485289,1.0
A3_MC_VWLS,occlusion,,0.2,,6720,0.8508928571428571,0.8910714285714286,0.8605654761904762,0.2831845238095238,0.5596445111234817,0.9621825392332599,1.0
A3_MC_VWLS,occlusion,,0.3,,6720,0.8395833333333333,0.8907738095238096,0.8505952380952381,0.28482142857142856,0.49684840220923804,0.9453885082431923,1.0
A3_MC_VWLS,occlusion,,0.4,,6720,0.8264880952380952,0.8955357142857143,0.8389880952380953,0.2947916666666667,0.46354733035825685,0.927563895464802,1.0
A3_MC_VWLS,snr_occlusion,20.0,0.0,,1344,0.8653273809523809,0.8936011904761905,0.8727678571428571,0.27157738095238093,0.7196039258900515,0.9999999999999998,1.0
A3_MC_VWLS,snr_occlusion,20.0,0.1,,1344,0.8586309523809523,0.8950892857142857,0.8675595238095238,0.27455357142857145,0.6562077583705485,0.9783871761485288,1.0
A3_MC_VWLS,snr_occlusion,20.0,0.2,,1344,0.8497023809523809,0.8898809523809523,0.859375,0.2849702380952381,0.5647709593234898,0.9621825392332597,1.0
A3_MC_VWLS,snr_occlusion,20.0,0.3,,1344,0.8392857142857143,0.890625,0.8497023809523809,0.28720238095238093,0.4974327153485407,0.9453885082431923,1.0
A3_MC_VWLS,snr_occlusion,20.0,0.4,,1344,0.8318452380952381,0.8965773809523809,0.84375,0.29092261904761907,0.46314658973102063,0.9275638954648019,1.0
A3_MC_VWLS,snr_occlusion,15.0,0.0,,1344,0.8653273809523809,0.8936011904761905,0.8720238095238095,0.27232142857142855,0.7180673962540437,0.9999999999999998,1.0
A3_MC_VWLS,snr_occlusion,15.0,0.1,,1344,0.859375,0.8958333333333334,0.8683035714285714,0.27827380952380953,0.6554707138661298,0.9783871761485288,1.0
A3_MC_VWLS,snr_occlusion,15.0,0.2,,1344,0.8511904761904762,0.890625,0.8608630952380952,0.28348214285714285,0.5652840447620674,0.9621825392332597,1.0
A3_MC_VWLS,snr_occlusion,15.0,0.3,,1344,0.8392857142857143,0.890625,0.8504464285714286,0.2857142857142857,0.4979590622529205,0.9453885082431923,1.0
A3_MC_VWLS,snr_occlusion,15.0,0.4,,1344,0.8273809523809523,0.8950892857142857,0.8400297619047619,0.29464285714285715,0.46420225104775287,0.9275638954648019,1.0
A3_MC_VWLS,snr_occlusion,10.0,0.0,,1344,0.8653273809523809,0.8943452380952381,0.8720238095238095,0.27157738095238093,0.7132187043984037,0.9999999999999998,1.0
A3_MC_VWLS,snr_occlusion,10.0,0.1,,1344,0.8578869047619048,0.8958333333333334,0.8668154761904762,0.27976190476190477,0.6529863679051318,0.9783871761485288,1.0
A3_MC_VWLS,snr_occlusion,10.0,0.2,,1344,0.8497023809523809,0.8913690476190477,0.859375,0.2849702380952381,0.5644075560320975,0.9621825392332597,1.0
A3_MC_VWLS,snr_occlusion,10.0,0.3,,1344,0.8385416666666666,0.8898809523809523,0.8489583333333334,0.28869047619047616,0.49953717183864893,0.9453885082431923,1.0
A3_MC_VWLS,snr_occlusion,10.0,0.4,,1344,0.8266369047619048,0.8965773809523809,0.8400297619047619,0.2924107142857143,0.4652063702384667,0.9275638954648019,1.0
A3_MC_VWLS,snr_occlusion,5.0,0.0,,1344,0.8645833333333334,0.8950892857142857,0.8720238095238095,0.27232142857142855,0.7002473477225234,0.9999999999999998,1.0
A3_MC_VWLS,snr_occlusion,5.0,0.1,,1344,0.8623511904761905,0.8980654761904762,0.8697916666666666,0.2760416666666667,0.6434711282469744,0.9783871761485288,1.0
A3_MC_VWLS,snr_occlusion,5.0,0.2,,1344,0.8526785714285714,0.8913690476190477,0.8623511904761905,0.28422619047619047,0.560720149843179,0.9621825392332597,1.0
A3_MC_VWLS,snr_occlusion,5.0,0.3,,1344,0.8415178571428571,0.8921130952380952,0.8526785714285714,0.28125,0.498815421588275,0.9453885082431923,1.0
A3_MC_VWLS,snr_occlusion,5.0,0.4,,1344,0.8258928571428571,0.8965773809523809,0.8377976190476191,0.29389880952380953,0.4649912090122684,0.9275638954648019,1.0
A3_MC_VWLS,snr_occlusion,0.0,0.0,,1344,0.8653273809523809,0.8943452380952381,0.875,0.27306547619047616,0.6634218036942346,0.9999999999999998,1.0
A3_MC_VWLS,snr_occlusion,0.0,0.1,,1344,0.8541666666666666,0.8936011904761905,0.8608630952380952,0.29389880952380953,0.6147066674578587,0.9783871761485288,1.0
A3_MC_VWLS,snr_occlusion,0.0,0.2,,1344,0.8511904761904762,0.8921130952380952,0.8608630952380952,0.27827380952380953,0.5430398456565747,0.9621825392332597,1.0
A3_MC_VWLS,snr_occlusion,0.0,0.3,,1344,0.8392857142857143,0.890625,0.8511904761904762,0.28125,0.4904976400178052,0.9453885082431923,1.0
A3_MC_VWLS,snr_occlusion,0.0,0.4,,1344,0.8206845238095238,0.8928571428571429,0.8333333333333334,0.3020833333333333,0.4601902317617754,0.9275638954648019,1.0
A3_MC_VWLS,order,,,1,8400,0.8567857142857143,0.9622619047619048,0.8567857142857143,0.21785714285714286,0.6662132595629428,0.9813632022435937,1.0
A3_MC_VWLS,order,,,2,8400,0.8552380952380952,0.9005952380952381,0.8672619047619048,0.2301190476190476,0.5757182504677699,0.9695599356794723,1.0
A3_MC_VWLS,order,,,3,8400,0.8528571428571429,0.8661904761904762,0.8585714285714285,0.3616666666666667,0.5321467416635577,0.9566349785480512,1.0
A3_MC_VWLS,order,,,4,8400,0.8276190476190476,0.8447619047619047,0.849047619047619,0.3227380952380952,0.519938233467455,0.943259578800709,1.0
